"","id","baseMean","baseMeanA","baseMeanB","foldChange","log2FoldChange","pval","padj"
"1","Armor",2123.28038777435,5212.08464581095,64.0775490832898,0.0122940346210206,-6.34589773683722,0,0
"2","Beast",390.631677823588,717.430663244232,172.765687543158,0.240811685915276,-2.05402269114961,0.304368857013421,0.342414964140098
"3","Firestar",229.988587701727,207.579399703653,244.928046367109,1.17992462988512,0.238694707414439,0.586644701626653,0.586644701626653
"4","Iceman",439.672502650947,689.914499101864,272.844505017003,0.395475823992964,-1.33833859152059,0.191010334836896,0.245584716218867
"5","M",308.698839667907,472.116648015135,199.753634103088,0.423102288264752,-1.24092160664221,0.162933590280188,0.244400385420281
"6","Magneto",484.49472808421,166.558541384543,696.452185883988,4.18142582238428,2.06399497008865,5.44175964134284e-09,1.22439591930214e-08
"7","Nightcrawler",832.690666001189,186.702689666742,1263.34931689082,6.76663694104168,2.75843898387627,3.57145758818653e-24,1.07143727645596e-23
"8","Rogue",289.247465582321,425.341208035014,198.518303947193,0.466727183252019,-1.09934859929987,0.158416409580943,0.244400385420281
"9","Wolverine",3287.67994595101,59.3799300724334,5439.87995653673,91.6114240939826,6.51745561085214,2.18774983325092e-118,9.84487424962913e-118
